Name,Email,InterviewTime,Interviewer,InterviewerMail
Aaryan,aaryan2134@gmail.com,2023-03-15 12:00:00,Naman Raj,Aaryan.Arora@studentambassadors.com
Samantha,samantha@email.com,2023-03-16 10:00:00,John Smith,john.smith@gmail.com
Tom,tom@hotmail.com,2023-03-17 15:30:00,Sarah Lee,sarah.lee@yahoo.com
Michelle,michelle32@gmail.com,2023-03-18 11:00:00,Emily Kim,emily.kim@gmail.com
Adam,adamjones@yahoo.com,2023-03-19 14:45:00,David Park,david.park@hotmail.com
Barton Noti,noti.barton@gmail.com,2023-03-16 12:00:00,Naman Raj, naman.raj@gmail.com